"TABLE_NAME","COLUMN_NAME","CONSTRAINT_NAME","REFERENCED_TABLE_NAME","REFERENCED_COLUMN_NAME"
enrollattribderivrule,enrollAttribDerivSchedDetailID,nrllttrbDrvRl_nrllttrbDrvSchdDtl1,enrollattribderivscheddetail,enrollAttribDerivSchedDetailID
enrollattribderivrule,enrollAttribDerivSchedVersionID,nrllttrbDrvRl_nrllttrbDrvSchdDtl1,enrollattribderivscheddetail,enrollAttribDerivSchedVersionID
enrollattribderivruleextident,enrollAttribDerivRuleID,nrllttrbDrvRlxtdnt_nrllttrbDrvRl1,enrollattribderivrule,enrollAttribDerivRuleID
enrollattribderivruleextident,enrollAttribDerivSchedDetailID,nrllttrbDrvRlxtdnt_nrllttrbDrvRl1,enrollattribderivrule,enrollAttribDerivSchedDetailID
enrollattribderivruleextident,enrollAttribDerivSchedVersionID,nrllttrbDrvRlxtdnt_nrllttrbDrvRl1,enrollattribderivrule,enrollAttribDerivSchedVersionID
enrollattribderivrulefileident,enrollAttribDerivRuleID,nrllttrbDrvRlFldnt_nrllttrbDrvRl1,enrollattribderivrule,enrollAttribDerivRuleID
enrollattribderivrulefileident,enrollAttribDerivSchedDetailID,nrllttrbDrvRlFldnt_nrllttrbDrvRl1,enrollattribderivrule,enrollAttribDerivSchedDetailID
enrollattribderivrulefileident,enrollAttribDerivSchedVersionID,nrllttrbDrvRlFldnt_nrllttrbDrvRl1,enrollattribderivrule,enrollAttribDerivSchedVersionID
enrollattribderivruleoptassign,enrollAttribDerivRuleID,nrllttrbDrvRlptssgn_nrllttrbDrvRl1,enrollattribderivrule,enrollAttribDerivRuleID
enrollattribderivruleoptassign,enrollAttribDerivSchedDetailID,nrllttrbDrvRlptssgn_nrllttrbDrvRl1,enrollattribderivrule,enrollAttribDerivSchedDetailID
enrollattribderivruleoptassign,enrollAttribDerivSchedVersionID,nrllttrbDrvRlptssgn_nrllttrbDrvRl1,enrollattribderivrule,enrollAttribDerivSchedVersionID
enrollattribderivscheddetail,enrollAttribDerivSchedVersionID,nrllttrbDrvSchdDtl_nrllttrbDrvSchd1,enrollattribderivsched,enrollAttribDerivSchedVersionID
enrollattribderivschednote,enrollAttribDerivSchedVersionID,nrllttrbDrvSchdNt_nrllttrbDrvSchd1,enrollattribderivsched,enrollAttribDerivSchedVersionID
enrollmemapplcriteria,enrollMemApplSchedDetailID,nrllMmpplCrtr_nrllMmpplSchdDtl1,enrollmemapplscheddetail,enrollMemApplSchedDetailID
enrollmemapplcriteria,enrollMemApplSchedVersionID,nrllMmpplCrtr_nrllMmpplSchd1,enrollmemapplsched,enrollMemApplSchedVersionID
enrollmemapplcriteriadetail,enrollMemApplCriteriaID,nrllMmpplCrtrDtl_nrllMmpplCrtr1,enrollmemapplcriteria,enrollMemApplCriteriaID
enrollmemapplcriteriadetail,enrollMemApplSchedDetailID,nrllMmpplCrtrDtl_nrllMmpplSchdDtl1,enrollmemapplscheddetail,enrollMemApplSchedDetailID
enrollmemapplcriteriadetail,enrollMemApplSchedVersionID,nrllMmpplCrtrDtl_nrllMmpplSchd1,enrollmemapplsched,enrollMemApplSchedVersionID
enrollmemapplcriteriadetailval,enrollMemApplCriteriaDetailID,nrllMmpplCrtrDtlVl_nrllMmpplCrtrDtl1,enrollmemapplcriteriadetail,enrollMemApplCriteriaDetailID
enrollmemapplcriteriadetailval,enrollMemApplSchedDetailID,nrllMmpplCrtrDtlVl_nrllMmpplSchdDtl1,enrollmemapplscheddetail,enrollMemApplSchedDetailID
enrollmemapplcriteriadetailval,enrollMemApplSchedVersionID,nrllMmpplCrtrDtlVl_nrllMmpplSchd1,enrollmemapplsched,enrollMemApplSchedVersionID
enrollmemapplscheddetail,enrollMemApplSchedVersionID,nrllMmpplSchdDtl_nrllMmpplSchd1,enrollmemapplsched,enrollMemApplSchedVersionID
enrollmemapplschednote,enrollMemApplSchedVersionID,nrllMmpplSchdNt_nrllMmpplSchd1,enrollmemapplsched,enrollMemApplSchedVersionID
enrollnotifscheddetail,enrollNotifSchedVersionID,nrllNtfSchdDtl_nrllNtfSchd1,enrollnotifsched,enrollNotifSchedVersionID
enrollnotifschedeventassign,enrollNotifSchedVersionID,nrllNtfSchdvntssgn_nrllNtfSchd1,enrollnotifsched,enrollNotifSchedVersionID
enrollnotifschednote,enrollNotifSchedVersionID,nrllNtfSchdNt_nrllNtfSchd1,enrollnotifsched,enrollNotifSchedVersionID
enrollprocessschednote,enrollProcessSchedVersionID,nrllPrcssSchdNt_nrllPrcssSchd1,enrollprocesssched,enrollProcessSchedVersionID
enrollprocessschedrestcriteria,enrollProcessSchedVersionID,nrllPrcssSchdRstCrtr_nrllPrcssSchd1,enrollprocesssched,enrollProcessSchedVersionID
enrollprocessschedresttrans,enrollProcessSchedRestCriteriaID,nrllPrcssSchdRstTrns_nrllPrcssSchdRstCrtr1,enrollprocessschedrestcriteria,enrollProcessSchedRestCriteriaID
enrollprocessschedresttrans,enrollProcessSchedVersionID,nrllPrcssSchdRstTrns_nrllPrcssSchd1,enrollprocesssched,enrollProcessSchedVersionID
enrollprocessschedsettings,enrollProcessSchedVersionID,nrllPrcssSchdSttngs_nrllPrcssSchd1,enrollprocesssched,enrollProcessSchedVersionID
enrollprocessschedthld,enrollProcessSchedVersionID,nrllPrcssSchdThld_nrllPrcssSchd1,enrollprocesssched,enrollProcessSchedVersionID
enrollprocessschedthlddetail,enrollProcessSchedThldID,nrllPrcssSchdThldDtl_nrllPrcssSchdThld1,enrollprocessschedthld,enrollProcessSchedThldID
enrollprocessschedthlddetail,enrollProcessSchedVersionID,nrllPrcssSchdThldDtl_nrllPrcssSchdThld1,enrollprocessschedthld,enrollProcessSchedVersionID
enrollprofsetnote,enrollProfSetVersionID,nrllPrfStNt_nrllPrfSt1,enrollprofset,enrollProfSetVersionID
enrollprofsetschedassign,enrollProfSetVersionID,nrllPrfStSchdssgn_nrllPrfSt1,enrollprofset,enrollProfSetVersionID
enrollprofsrcident,enrollProfSetSchedAssignID,nrllPrfSrcdnt_nrllPrfStSchdssgn1,enrollprofsetschedassign,enrollProfSetSchedAssignID
enrollprofsrcident,enrollProfSetVersionID,nrllPrfSrcdnt_nrllPrfStSchdssgn1,enrollprofsetschedassign,enrollProfSetVersionID
mbrinterventionpgm,memberID,mbrntrvntnPgm_mmbr1,member,memberID
mbrinterventionpgmdtl,mbrInterventionPgmID,mbrntrvntnPgmDtl_mbrntrvntnPgm1,mbrinterventionpgm,mbrInterventionPgmID
mbrinterventionpgmrvw,mbrInterventionPgmID,mbrntrvntnPgmRvw_mbrntrvntnPgm1,mbrinterventionpgm,mbrInterventionPgmID
mbrinterventionpgmrvwdtl,mbrInterventionPgmRvwID,mbrntrvntnPgmRvwDtl_mbrntrvntnPgmRvw1,mbrinterventionpgmrvw,mbrInterventionPgmRvwID
memberactioneventsub,memberActionEventID,mmbrctnvntSb_mmbrctnvnt1,memberactionevent,memberActionEventID
memberactionprovattrib,memberActionEventID,mmbrctnPrvttrb_mmbrctnvnt1,memberactionevent,memberActionEventID
memberaddress,memberID,mmbrddrss_mmbr1,member,memberID
memberaddressattn,memberAddressID,mmbrddrssttn_mmbrddrss1,memberaddress,memberAddressID
memberaddressattn,memberID,mmbrddrssttn_mmbr1,member,memberID
memberaddressdiag,memberAddressID,mmbrddrssDg_mmbrddrss1,memberaddress,memberAddressID
memberaddressdiag,memberID,mmbrddrssDg_mmbr1,member,memberID
memberaddressprov,memberAddressID,mmbrddrssPrv_mmbrddrss1,memberaddress,memberAddressID
memberaddressprov,memberID,mmbrddrssPrv_mmbr1,member,memberID
memberaddresssubmitted,memberID,mmbrddrssSbmttd_mmbr1,member,memberID
memberbanking,memberID,mmbrBnkng_mmbr1,member,memberID
membercaserate,memberID,mmbrCsRt_mmbr1,member,memberID
membercob,memberID,mmbrCB_mmbr1,member,memberID
membercobrelentityaddress,memberCOBID,mmbrCBRlnttyddrss_mmbrCB1,membercob,memberCOBID
membercobrelentityaddress,memberID,mmbrCBRlnttyddrss_mmbrCB1,membercob,memberID
membercobrelentityelectcom,memberCOBID,mmbrCBRlnttylctCm_mmbrCB1,membercob,memberCOBID
membercobrelentityelectcom,memberID,mmbrCBRlnttylctCm_mmbrCB1,membercob,memberID
membercobrelentityphone,memberCOBID,mmbrCBRlnttyPhn_mmbrCB1,membercob,memberCOBID
membercobrelentityphone,memberID,mmbrCBRlnttyPhn_mmbrCB1,membercob,memberID
membercontact,memberID,mmbrCntct_mmbr1,member,memberID
membercontactaddress,memberContactID,mmbrCntctddrss_mmbrCntct1,membercontact,memberContactID
membercontactaddress,memberID,mmbrCntctddrss_mmbr1,member,memberID
membercontactelectcomm,memberContactID,mmbrCntctlctCmm_mmbrCntct1,membercontact,memberContactID
membercontactelectcomm,memberID,mmbrCntctlctCmm_mmbr1,member,memberID
membercontactlanguage,memberContactID,mmbrCntctLngg_mmbrCntct1,membercontact,memberContactID
membercontactlanguage,memberID,mmbrCntctLngg_mmbr1,member,memberID
membercontactphone,memberContactID,mmbrCntctPhn_mmbrCntct1,membercontact,memberContactID
membercontactphone,memberID,mmbrCntctPhn_mmbr1,member,memberID
membercustodial,memberID,mmbrCstdl_mmbr1,member,memberID
memberdepcert,memberID,mmbrDpCrt_mmbr1,member,memberID
memberdisability,memberID,mmbrDsblty_mmbr1,member,memberID
memberdisability,memberIndicatorID,mmbrDsblty_mmbrndctr1,memberindicator,memberIndicatorID
memberdisclosure,memberID,mmbrDsclsr_mmbr1,member,memberID
memberelectroniccomm,memberID,mmbrlctrncCmm_mmbr1,member,memberID
memberexternalid,memberID,mmbrxtrnlD_mmbr1,member,memberID
membergovernmentbenefit,memberID,mmbrGvrnmntBnft_mmbr1,member,memberID
memberimage,memberID,mmbrmg_mmbr1,member,memberID
memberincent,memberID,mmbrncnt_mmbr1,member,memberID
memberindicator,memberID,mmbrndctr_mmbr1,member,memberID
memberinstitution,memberID,mmbrnstttn_mmbr1,member,memberID
memberinstitution,memberIndicatorID,mmbrnstttn_mmbrndctr1,memberindicator,memberIndicatorID
memberinvaccident,memberID,mmbrnvccdnt_mmbrnvstgtn1,memberinvestigation,memberID
memberinvaccident,memberInvestigationID,mmbrnvccdnt_mmbrnvstgtn1,memberinvestigation,memberInvestigationID
memberinvdates,memberID,mmbrnvDts_mmbrnvstgtn1,memberinvestigation,memberID
memberinvdates,memberInvestigationID,mmbrnvDts_mmbrnvstgtn1,memberinvestigation,memberInvestigationID
memberinvdiagnosis,memberID,mmbrnvDgnss_mmbrnvstgtn1,memberinvestigation,memberID
memberinvdiagnosis,memberInvestigationID,mmbrnvDgnss_mmbrnvstgtn1,memberinvestigation,memberInvestigationID
memberinvestigation,memberID,mmbrnvstgtn_mmbr1,member,memberID
memberinvnote,memberID,mmbrnvNt_mmbrnvstgtn1,memberinvestigation,memberID
memberinvnote,memberInvestigationID,mmbrnvNt_mmbrnvstgtn1,memberinvestigation,memberInvestigationID
memberinvprovider,memberID,mmbrnvPrvdr_mmbrnvstgtn1,memberinvestigation,memberID
memberinvprovider,memberInvestigationID,mmbrnvPrvdr_mmbrnvstgtn1,memberinvestigation,memberInvestigationID
memberinvtreatment,memberID,mmbrnvTrtmnt_mmbrnvstgtn1,memberinvestigation,memberID
memberinvtreatment,memberInvestigationID,mmbrnvTrtmnt_mmbrnvstgtn1,memberinvestigation,memberInvestigationID
memberlanguage,memberID,mmbrLngg_mmbr1,member,memberID
membermemgroupaffiliation,memberID,mmbrMmGrpffltn_mmbr1,member,memberID
membermerge,memberActionEventID,mmbrMrg_mmbrctnvnt1,memberactionevent,memberActionEventID
membernote,memberID,mmbrNt_mmbr1,member,memberID
memberooctimeline,memberID,mmbrCTmln_mmbr1,member,memberID
memberotherincome,memberID,mmbrthrncm_mmbr1,member,memberID
memberperiochart,memberID,mmbrPrChrt_mmbr1,member,memberID
memberperiomeasure,memberID,mmbrPrMsr_mmbrPrPckt1,memberperiopocket,memberID
memberperiomeasure,memberPerioPocketID,mmbrPrMsr_mmbrPrPckt1,memberperiopocket,memberPerioPocketID
memberperiopocket,memberID,mmbrPrPckt_mmbr1,member,memberID
memberphone,memberID,mmbrPhn_mmbr1,member,memberID
memberpreferredcommunication,memberID,mmbrPrfrrdCmmnctn_mmbr1,member,memberID
memberstudent,memberID,mmbrStdnt_mmbr1,member,memberID
memberstudent,memberIndicatorID,mmbrStdnt_mmbrndctr1,memberindicator,memberIndicatorID
membersupertooth,memberID,mmbrSprTth_mmbr1,member,memberID
membersupertoothid,memberID,mmbrSprTthD_mmbr1,member,memberID
membertoothchart,memberID,mmbrTthChrt_mmbr1,member,memberID
membertransfer,memberID,mmbrTrnsfr_mmbr1,member,memberID
membervitals,memberID,mmbrVtls_mmbr1,member,memberID
membervitals,memberIndicatorID,mmbrVtls_mmbrndctr1,memberindicator,memberIndicatorID
memexpensecodemax,memberID,mmxpnsCdMx_mmbr1,member,memberID
memexpensecodemaxhx,expenseCode,mmxpnsCdMxHx_mmxpnsCdMx1,memexpensecodemax,expenseCode
memexpensecodemaxhx,expenseCodeSeqNum,mmxpnsCdMxHx_mmxpnsCdMx1,memexpensecodemax,expenseCodeSeqNum
memexpensecodemaxhx,famMemberID,mmxpnsCdMxHx_mmxpnsCdMx1,memexpensecodemax,famMemberID
memexpensecodemaxhx,memberID,mmxpnsCdMxHx_mmxpnsCdMx1,memexpensecodemax,memberID
memexpensecodemaxhx,memExpenseCodeMaxID,mmxpnsCdMxHx_mmxpnsCdMx1,memexpensecodemax,memExpenseCodeMaxID
memexpensecodemaxhx,msaID,mmxpnsCdMxHx_mmxpnsCdMx1,memexpensecodemax,msaID
memhealthcodemax,memberID,mmHlthCdMx_mmbr1,member,memberID
memhealthcodemaxhx,benefitCode,mmHlthCdMxHx_mmHlthCdMx1,memhealthcodemax,benefitCode
memhealthcodemaxhx,famMemberID,mmHlthCdMxHx_mmHlthCdMx1,memhealthcodemax,famMemberID
memhealthcodemaxhx,healthCodeSeqNum,mmHlthCdMxHx_mmHlthCdMx1,memhealthcodemax,healthCodeSeqNum
memhealthcodemaxhx,memberID,mmHlthCdMxHx_mmHlthCdMx1,memhealthcodemax,memberID
memhealthcodemaxhx,memHealthCodeMaxID,mmHlthCdMxHx_mmHlthCdMx1,memhealthcodemax,memHealthCodeMaxID
memhealthcodemaxhx,msaID,mmHlthCdMxHx_mmHlthCdMx1,memhealthcodemax,msaID
notiftemplatescheddetail,notifTemplateSchedEventID,ntfTmpltSchdDtl_ntfTmpltSchdvnt1,notiftemplateschedevent,notifTemplateSchedEventID
notiftemplateschedevent,notifTemplateSchedID,ntfTmpltSchdvnt_ntfTmpltSchd1,notiftemplatesched,notifTemplateSchedID
provassignrulescheduledtl,provAssignRuleComponentID,prvssgnRlSchdlDtl_prvssgnRlCmpnnt1,provassignrulecomponent,provAssignRuleComponentID
provassignrulescheduledtl,provAssignRuleScheduleHdrID,prvssgnRlSchdlDtl_prvssgnRlSchdlHdr1,provassignruleschedulehdr,provAssignRuleScheduleHdrID
umauthbeddayrange,umAuthID,mthBdDyRng_mthSrvc1,umauthservice,umAuthID
umauthbeddayrange,umAuthServiceID,mthBdDyRng_mthSrvc1,umauthservice,umAuthServiceID
umauthdiagnosis,umAuthID,mthDgnss_mth1,umauth,umAuthID
umauthextid,umAuthID,mthxtD_mth1,umauth,umAuthID
umauthfacilitydecision,umAuthID,mthFcltyDcsn_mthSrvc1,umauthservice,umAuthID
umauthfacilitydecision,umAuthServiceID,mthFcltyDcsn_mthSrvc1,umauthservice,umAuthServiceID
umauthfacilitytype,umAuthID,mthFcltyTyp_mthSrvc1,umauthservice,umAuthID
umauthfacilitytype,umAuthServiceID,mthFcltyTyp_mthSrvc1,umauthservice,umAuthServiceID
umauthprovider,umAuthID,mthPrvdr_mth1,umauth,umAuthID
umauthprovideraltid,umAuthID,mthPrvdrltD_mthPrvdr1,umauthprovider,umAuthID
umauthprovideraltid,umAuthProviderID,mthPrvdrltD_mthPrvdr1,umauthprovider,umAuthProviderID
umauthproviderroletype,umAuthID,mthPrvdrRlTyp_mthPrvdr1,umauthprovider,umAuthID
umauthproviderroletype,umAuthProviderID,mthPrvdrRlTyp_mthPrvdr1,umauthprovider,umAuthProviderID
umauthservice,umAuthID,mthSrvc_mthPrvdr1,umauthprovider,umAuthID
umauthservice,umAuthProviderID,mthSrvc_mthPrvdr1,umauthprovider,umAuthProviderID
umauthservicedecision,umAuthID,mthSrvcDcsn_mthSrvc1,umauthservice,umAuthID
umauthservicedecision,umAuthServiceID,mthSrvcDcsn_mthSrvc1,umauthservice,umAuthServiceID
umauthserviceextid,umAuthServiceID,mthSrvcxtD_mthSrvc1,umauthservice,umAuthServiceID
umauthservicefacility,umAuthID,mthSrvcFclty_mthSrvc1,umauthservice,umAuthID
umauthservicefacility,umAuthServiceID,mthSrvcFclty_mthSrvc1,umauthservice,umAuthServiceID
umauthservicenonfacil,umAuthID,mthSrvcNnFcl_mthSrvc1,umauthservice,umAuthID
umauthservicenonfacil,umAuthServiceID,mthSrvcNnFcl_mthSrvc1,umauthservice,umAuthServiceID
umreferraldiagnosis,umReferralID,mRfrrlDgnss_mRfrrl1,umreferral,umReferralID
umreferralextid,umReferralID,mRfrrlxtD_mRfrrl1,umreferral,umReferralID
umreferralprovider,umReferralID,mRfrrlPrvdr_mRfrrl1,umreferral,umReferralID
umreferralprovideraltid,umReferralID,mRfrrlPrvdrltD_mRfrrlPrvdr1,umreferralprovider,umReferralID
umreferralprovideraltid,umReferralProviderID,mRfrrlPrvdrltD_mRfrrlPrvdr1,umreferralprovider,umReferralProviderID
umreferralproviderroletype,umReferralID,mRfrrlPrvdrRlTyp_mRfrrlPrvdr1,umreferralprovider,umReferralID
umreferralproviderroletype,umReferralProviderID,mRfrrlPrvdrRlTyp_mRfrrlPrvdr1,umreferralprovider,umReferralProviderID
umreferralservice,umReferralID,mRfrrlSrvc_mRfrrlPrvdr1,umreferralprovider,umReferralID
umreferralservice,umReferralProviderID,mRfrrlSrvc_mRfrrlPrvdr1,umreferralprovider,umReferralProviderID
